file_name,category
000012.jpg,car
000017.jpg,horse person
000023.jpg,bicycle person
000026.jpg,car
000032.jpg,aeroplane person
000033.jpg,aeroplane
000034.jpg,train
000035.jpg,person
000036.jpg,dog
000042.jpg,train
000044.jpg,cat chair
000047.jpg,chair car
000048.jpg,bird person
000061.jpg,boat
000064.jpg,bird
000066.jpg,person
000073.jpg,pottedplant boat person
000077.jpg,cat
000078.jpg,dog
000083.jpg,person car
000089.jpg,chair person
000091.jpg,car
000104.jpg,tvmonitor person
000112.jpg,chair dog
000122.jpg,cat
000129.jpg,bicycle person
000133.jpg,horse person
000134.jpg,car
000138.jpg,person
000140.jpg,sofa dog
000141.jpg,bird
000147.jpg,chair
000153.jpg,car
000154.jpg,boat
000159.jpg,car person
000161.jpg,car
000162.jpg,tvmonitor person
000163.jpg,motorbike person
000164.jpg,motorbike person
000171.jpg,dog person
000173.jpg,horse person
000174.jpg,person
000187.jpg,tvmonitor
000189.jpg,bird
000192.jpg,person
000193.jpg,person
000194.jpg,horse person
000198.jpg,train
000200.jpg,bottle person
000207.jpg,bus
000209.jpg,cat
000219.jpg,motorbike
000220.jpg,person car
000222.jpg,chair diningtable bottle person
000225.jpg,sheep
000228.jpg,aeroplane
000235.jpg,chair sofa diningtable
000242.jpg,cat
000250.jpg,bottle
000256.jpg,aeroplane
000259.jpg,person
000262.jpg,car
000263.jpg,car
000276.jpg,person
000278.jpg,dog person
000282.jpg,person
000288.jpg,car bus person
000294.jpg,bird
000296.jpg,boat car
000306.jpg,cow
000307.jpg,pottedplant
000311.jpg,car
000312.jpg,train
000317.jpg,car
000320.jpg,person car
000325.jpg,aeroplane
000331.jpg,chair person
000334.jpg,car
000337.jpg,bicycle person
000344.jpg,bottle
000347.jpg,horse
000349.jpg,chair diningtable tvmonitor
000355.jpg,car
000359.jpg,chair dog person
000367.jpg,person bottle car
000370.jpg,boat
000372.jpg,horse person
000379.jpg,bicycle
000382.jpg,boat person
000387.jpg,car
000391.jpg,pottedplant
000394.jpg,diningtable person
000395.jpg,bird
000400.jpg,cat
000404.jpg,car
000406.jpg,car
000407.jpg,horse person
000411.jpg,person
000416.jpg,sheep
000430.jpg,cat
000431.jpg,aeroplane car
000438.jpg,person
000446.jpg,person
000450.jpg,train
000454.jpg,dog
000463.jpg,motorbike person
000468.jpg,person
000469.jpg,car
000470.jpg,horse person
000474.jpg,boat car
000476.jpg,person
000477.jpg,bus person
000484.jpg,pottedplant
000489.jpg,bird
000496.jpg,chair
000503.jpg,sofa
000508.jpg,bird
000516.jpg,cat person
000518.jpg,bus person
000519.jpg,boat
000522.jpg,car
000524.jpg,horse person
000525.jpg,motorbike person
000526.jpg,chair person
000528.jpg,cat
000535.jpg,bicycle person
000537.jpg,dog
000541.jpg,car
000544.jpg,cat
000549.jpg,cat
000550.jpg,chair diningtable
000552.jpg,aeroplane
000554.jpg,sofa car person
000555.jpg,chair sofa person
000559.jpg,tvmonitor bottle
000565.jpg,bicycle
000577.jpg,horse
000583.jpg,motorbike
000589.jpg,person
000590.jpg,car
000592.jpg,pottedplant chair sofa
000597.jpg,chair tvmonitor person
000605.jpg,car
000609.jpg,dog
000612.jpg,train person
000620.jpg,car
000622.jpg,cow
000625.jpg,person
000632.jpg,chair tvmonitor
000633.jpg,tvmonitor person
000635.jpg,train
000648.jpg,bus
000654.jpg,sheep dog person
000657.jpg,aeroplane
000671.jpg,bicycle
000672.jpg,car
000680.jpg,bird
000685.jpg,motorbike
000688.jpg,person car
000689.jpg,train
000695.jpg,horse person
000699.jpg,chair dog
000700.jpg,car
000709.jpg,chair person
000710.jpg,cat chair pottedplant
000711.jpg,pottedplant
000726.jpg,bottle person
000729.jpg,pottedplant
000731.jpg,bird person
000733.jpg,motorbike person
000739.jpg,person
000740.jpg,boat
000753.jpg,diningtable bottle person
000754.jpg,bicycle bus
000761.jpg,chair sofa tvmonitor
000764.jpg,horse
000767.jpg,cow
000768.jpg,bus
000770.jpg,cow bicycle motorbike person
000774.jpg,train
000793.jpg,bicycle bus person
000796.jpg,bird
000804.jpg,chair sofa
000805.jpg,dog person
000810.jpg,person
000812.jpg,bicycle person
000818.jpg,train car
000820.jpg,sheep
000822.jpg,motorbike
000823.jpg,car
000827.jpg,cow
000828.jpg,person
000829.jpg,person bus car
000830.jpg,chair diningtable
000845.jpg,aeroplane
000849.jpg,dog
000850.jpg,bird
000851.jpg,motorbike person
000859.jpg,person
000860.jpg,person car
000865.jpg,chair diningtable person
000867.jpg,pottedplant
000871.jpg,car
000887.jpg,aeroplane
000888.jpg,car
000889.jpg,pottedplant
000892.jpg,motorbike person
000898.jpg,sofa person
000899.jpg,train
000900.jpg,sheep
000902.jpg,dog person
000904.jpg,cow person
000906.jpg,person boat car
000908.jpg,aeroplane
000912.jpg,cat
000915.jpg,diningtable person
000919.jpg,dog
000929.jpg,diningtable bottle
000936.jpg,aeroplane
000943.jpg,chair person
000950.jpg,diningtable
000951.jpg,bottle
000954.jpg,bird
000958.jpg,dog
000962.jpg,cat
000964.jpg,bird
000965.jpg,sofa dog
000966.jpg,train
000967.jpg,train person
000977.jpg,car
000980.jpg,bird
000987.jpg,motorbike person
000989.jpg,tvmonitor
000991.jpg,horse person
000993.jpg,train
000996.jpg,chair diningtable person
000997.jpg,sofa tvmonitor
000999.jpg,bottle person
001001.jpg,cat person
001002.jpg,boat
001008.jpg,motorbike
001010.jpg,tvmonitor
001011.jpg,tvmonitor person
001014.jpg,chair dog person
001015.jpg,bird
001024.jpg,tvmonitor person
001036.jpg,person
001043.jpg,cat
001050.jpg,bicycle person
001057.jpg,person car
001060.jpg,bicycle person car
001064.jpg,horse person
001068.jpg,motorbike
001071.jpg,horse person
001073.jpg,cow
001077.jpg,tvmonitor
001078.jpg,cat
001079.jpg,pottedplant diningtable person
001082.jpg,cat pottedplant
001101.jpg,person
001106.jpg,chair diningtable
001112.jpg,pottedplant train car
001113.jpg,person
001119.jpg,car
001127.jpg,dog
001129.jpg,sofa person
001130.jpg,cow
001140.jpg,dog person
001147.jpg,person
001151.jpg,dog person
001152.jpg,bus person
001156.jpg,cat
001158.jpg,chair
001168.jpg,person
001171.jpg,motorbike person
001172.jpg,train
001174.jpg,chair diningtable
001182.jpg,cow
001191.jpg,sheep
001194.jpg,bicycle
001204.jpg,sofa
001205.jpg,boat
001207.jpg,bird
001209.jpg,dog
001212.jpg,pottedplant person
001214.jpg,chair sofa tvmonitor
001226.jpg,dog
001229.jpg,bottle person
001230.jpg,aeroplane
001234.jpg,dog tvmonitor person
001237.jpg,car
001239.jpg,dog
001240.jpg,person
001248.jpg,person
001258.jpg,car
001263.jpg,chair diningtable
001268.jpg,car
001269.jpg,person
001270.jpg,aeroplane
001273.jpg,bird
001279.jpg,person
001287.jpg,horse person
001294.jpg,car
001299.jpg,cow
001304.jpg,person
001309.jpg,bicycle person
001312.jpg,cow
001314.jpg,cat
001315.jpg,person
001323.jpg,train
001325.jpg,boat person
001326.jpg,sofa
001327.jpg,person
001332.jpg,aeroplane
001333.jpg,motorbike person
001334.jpg,car
001345.jpg,chair
001346.jpg,bottle person
001348.jpg,bird
001364.jpg,car
001365.jpg,bird
001378.jpg,bird
001384.jpg,car
001385.jpg,bus car
001388.jpg,sofa person
001390.jpg,person
001393.jpg,chair diningtable bottle person
001395.jpg,cat
001402.jpg,sofa bicycle
001404.jpg,cat
001405.jpg,horse person
001406.jpg,sofa dog person
001408.jpg,pottedplant bottle person
001409.jpg,person car
001414.jpg,car person
001418.jpg,dog
001420.jpg,pottedplant horse person
001421.jpg,person
001426.jpg,motorbike person
001427.jpg,bicycle person
001434.jpg,bus person
001436.jpg,aeroplane
001442.jpg,cow
001450.jpg,motorbike person
001451.jpg,pottedplant bottle person
001453.jpg,bird
001455.jpg,bicycle car person
001457.jpg,chair sofa
001468.jpg,cow
001470.jpg,tvmonitor
001479.jpg,person
001480.jpg,person
001483.jpg,train
001485.jpg,motorbike person
001486.jpg,cat
001488.jpg,car
001492.jpg,car
001494.jpg,car
001498.jpg,person
001499.jpg,person
001501.jpg,bicycle person
001504.jpg,person
001512.jpg,bird
001515.jpg,horse
001517.jpg,dog
001521.jpg,person
001524.jpg,dog person
001526.jpg,person
001528.jpg,bird
001529.jpg,chair sofa tvmonitor
001532.jpg,person motorbike car
001539.jpg,bicycle
001548.jpg,person
001555.jpg,cat
001556.jpg,horse
001557.jpg,aeroplane person
001559.jpg,car
001563.jpg,chair diningtable bottle person
001576.jpg,car
001579.jpg,bicycle person
001580.jpg,bottle person
001586.jpg,horse person
001590.jpg,tvmonitor bottle
001593.jpg,person
001594.jpg,sheep dog person
001597.jpg,bird
001604.jpg,car
001607.jpg,dog
001610.jpg,cat
001611.jpg,person
001612.jpg,train
001622.jpg,car person
001627.jpg,person
001630.jpg,bicycle person
001633.jpg,chair diningtable
001636.jpg,bicycle
001643.jpg,dog
001649.jpg,person
001650.jpg,chair sofa tvmonitor
001651.jpg,chair person
001654.jpg,bicycle person
001661.jpg,sheep
001662.jpg,car
001669.jpg,cat
001673.jpg,cat bottle
001676.jpg,car
001680.jpg,dog
001683.jpg,chair diningtable
001684.jpg,bird
001688.jpg,motorbike
001690.jpg,horse person
001699.jpg,horse car
001707.jpg,bird
001708.jpg,aeroplane
001711.jpg,person
001713.jpg,cow
001714.jpg,sheep
001717.jpg,chair tvmonitor person
001721.jpg,person
001723.jpg,motorbike person
001729.jpg,pottedplant chair person
001732.jpg,boat
001733.jpg,sheep
001734.jpg,sheep
001738.jpg,dog
001739.jpg,bird
001741.jpg,cow
001750.jpg,sheep
001752.jpg,tvmonitor
001754.jpg,pottedplant bottle person
001758.jpg,person
001759.jpg,dog person
001761.jpg,aeroplane
001765.jpg,motorbike
001766.jpg,horse person
001768.jpg,cat
001777.jpg,diningtable bottle
001780.jpg,motorbike car
001787.jpg,bird
001789.jpg,train person
001800.jpg,person
001806.jpg,cow person
001809.jpg,tvmonitor person
001810.jpg,tvmonitor person
001821.jpg,car
001825.jpg,cat
001828.jpg,chair person
001832.jpg,dog person
001834.jpg,diningtable
001836.jpg,sofa person
001840.jpg,cat
001841.jpg,person
001843.jpg,bottle person
001845.jpg,car
001853.jpg,bird
001854.jpg,person
001858.jpg,aeroplane
001861.jpg,bicycle person
001864.jpg,chair person
001870.jpg,aeroplane
001881.jpg,car
001892.jpg,bus
001894.jpg,horse person
001896.jpg,bird
001898.jpg,pottedplant
001902.jpg,person bus car
001903.jpg,bicycle motorbike person
001904.jpg,person
001906.jpg,cat
001915.jpg,bird
001922.jpg,aeroplane
001928.jpg,motorbike
001930.jpg,train person
001937.jpg,car
001938.jpg,person
001941.jpg,motorbike person
001945.jpg,horse person
001950.jpg,person
001952.jpg,bird
001954.jpg,car
001960.jpg,horse
001963.jpg,diningtable bottle person
001971.jpg,cat
001977.jpg,person
001978.jpg,chair person
001980.jpg,car person
001981.jpg,cat
001985.jpg,dog
001989.jpg,person
001995.jpg,chair
001999.jpg,chair person
002001.jpg,aeroplane
002002.jpg,chair
002004.jpg,tvmonitor
002006.jpg,cat
002012.jpg,person
002015.jpg,pottedplant
002020.jpg,bird
002025.jpg,chair diningtable
002027.jpg,bus
002034.jpg,cat dog
002037.jpg,bird
002039.jpg,boat
002042.jpg,horse
002043.jpg,horse
002047.jpg,sofa
002049.jpg,pottedplant
002051.jpg,bird person
002055.jpg,dog person
002056.jpg,bus car
002061.jpg,sofa diningtable person
002068.jpg,train
002069.jpg,bicycle person
002095.jpg,cat
002096.jpg,person
002104.jpg,motorbike person
002108.jpg,pottedplant diningtable person
002116.jpg,pottedplant sofa dog car
002117.jpg,tvmonitor dog person
002120.jpg,bird person
002126.jpg,cow
002132.jpg,tvmonitor
002134.jpg,car
002139.jpg,bottle
002151.jpg,cat
002153.jpg,car
002155.jpg,motorbike
002156.jpg,chair diningtable person
002158.jpg,bird
002166.jpg,train
002170.jpg,person car
002172.jpg,motorbike person
002176.jpg,sofa person
002178.jpg,car
002179.jpg,pottedplant
002180.jpg,train car
002182.jpg,car
002186.jpg,chair person
002187.jpg,horse person
002191.jpg,motorbike
002192.jpg,pottedplant
002193.jpg,person
002194.jpg,chair person
002196.jpg,cat
002197.jpg,car
002199.jpg,dog
002208.jpg,boat
002212.jpg,bird
002215.jpg,cat
002219.jpg,person
002221.jpg,chair bottle person
002224.jpg,person
002234.jpg,boat
002237.jpg,cow
002238.jpg,horse person
002241.jpg,person car
002247.jpg,car
002249.jpg,horse
002253.jpg,bicycle bottle
002255.jpg,aeroplane
002256.jpg,bus person
002260.jpg,motorbike
002265.jpg,bird person
002277.jpg,dog person
002279.jpg,aeroplane
002280.jpg,tvmonitor
002284.jpg,pottedplant
002287.jpg,chair dog bottle
002291.jpg,car
002293.jpg,person
002306.jpg,person
002307.jpg,person car
002310.jpg,bird
002311.jpg,person car
002315.jpg,dog
002318.jpg,motorbike
002320.jpg,pottedplant
002321.jpg,train
002323.jpg,cow
002334.jpg,chair tvmonitor
002335.jpg,sofa
002342.jpg,person
002347.jpg,pottedplant
002350.jpg,bottle
002354.jpg,aeroplane
002355.jpg,car
002359.jpg,dog
002362.jpg,pottedplant chair sofa person
002368.jpg,chair
002373.jpg,car
002384.jpg,dog person
002392.jpg,boat
002401.jpg,person
002403.jpg,bird boat person
002405.jpg,horse person
002410.jpg,person
002411.jpg,car
002413.jpg,person
002419.jpg,motorbike person
002420.jpg,car
002423.jpg,train
002433.jpg,person
002436.jpg,car
002439.jpg,aeroplane
002442.jpg,diningtable bottle
002443.jpg,dog person
002445.jpg,cat
002448.jpg,horse person
002458.jpg,motorbike person
002461.jpg,cat
002465.jpg,boat
002466.jpg,dog
002468.jpg,bird
002471.jpg,horse
002472.jpg,aeroplane person
002478.jpg,car
002480.jpg,cat
002481.jpg,person
002483.jpg,pottedplant cat person
002490.jpg,bus car
002494.jpg,cow
002496.jpg,train
002500.jpg,boat
002501.jpg,chair sofa person
002502.jpg,train
002512.jpg,bicycle dog
002514.jpg,person
002518.jpg,bottle person
002519.jpg,motorbike
002533.jpg,person car
002534.jpg,car
002539.jpg,bus person
002544.jpg,car
002545.jpg,bottle person
002547.jpg,bird
002554.jpg,person
002555.jpg,horse person
002558.jpg,bicycle person
002559.jpg,pottedplant chair car
002564.jpg,person
002569.jpg,pottedplant
002571.jpg,bird
002572.jpg,chair bottle person
002579.jpg,bird
002590.jpg,train
002594.jpg,pottedplant
002595.jpg,person car
002599.jpg,motorbike
002603.jpg,bird
002609.jpg,dog
002611.jpg,dog person
002625.jpg,person car
002627.jpg,sofa diningtable tvmonitor
002634.jpg,cow
002635.jpg,bird
002645.jpg,chair tvmonitor
002647.jpg,car
002648.jpg,sheep
002653.jpg,boat
002662.jpg,diningtable person
002664.jpg,bird
002666.jpg,motorbike
002669.jpg,cow person
002680.jpg,dog
002682.jpg,car
002683.jpg,sheep
002684.jpg,horse
002691.jpg,dog person
002697.jpg,dog
002702.jpg,chair
002704.jpg,car
002710.jpg,person
002713.jpg,horse person
002715.jpg,bicycle person
002722.jpg,bicycle
002730.jpg,person car
002735.jpg,horse person
002737.jpg,aeroplane
002738.jpg,boat
002744.jpg,person
002745.jpg,bottle
002749.jpg,cow
002755.jpg,person
002757.jpg,train
002759.jpg,person motorbike car
002763.jpg,cow
002765.jpg,aeroplane
002766.jpg,cat
002774.jpg,horse
002778.jpg,chair tvmonitor
002779.jpg,car
002782.jpg,train
002783.jpg,bus
002791.jpg,bird
002795.jpg,motorbike person
002796.jpg,cat
002801.jpg,diningtable
002804.jpg,person horse car
002807.jpg,motorbike person
002816.jpg,bus
002817.jpg,pottedplant
002820.jpg,pottedplant
002826.jpg,dog person
002834.jpg,person
002841.jpg,person
002844.jpg,train
002845.jpg,sheep
002848.jpg,motorbike
002855.jpg,sofa person
002858.jpg,horse person
002864.jpg,person
002866.jpg,chair diningtable
002867.jpg,bus person
002868.jpg,cow
002869.jpg,aeroplane
002870.jpg,motorbike person
002873.jpg,aeroplane sheep
002881.jpg,bottle person
002899.jpg,bus person
002906.jpg,train
002914.jpg,person
002919.jpg,bird
002931.jpg,tvmonitor bottle person
002934.jpg,cat
002937.jpg,car
002939.jpg,chair tvmonitor bottle person
002953.jpg,tvmonitor bottle
002956.jpg,bicycle
002957.jpg,chair dog
002958.jpg,person
002962.jpg,person
002969.jpg,bird
002975.jpg,train person
002976.jpg,person
002987.jpg,person
002988.jpg,person
002989.jpg,chair sofa tvmonitor
002990.jpg,person
002992.jpg,bicycle person
002995.jpg,cat
003002.jpg,pottedplant person
003003.jpg,person
003007.jpg,car
003011.jpg,sofa tvmonitor
003013.jpg,car
003024.jpg,pottedplant sofa bicycle person
003027.jpg,person horse car
003034.jpg,chair person
003042.jpg,chair diningtable person
003047.jpg,bicycle
003051.jpg,car
003053.jpg,train car
003061.jpg,chair
003063.jpg,sofa person
003066.jpg,bird
003074.jpg,bird
003077.jpg,chair person
003083.jpg,bus car
003085.jpg,cat
003088.jpg,bottle person
003092.jpg,car
003100.jpg,dog person
003103.jpg,car
003105.jpg,cow
003106.jpg,cat person
003107.jpg,person
003108.jpg,sofa bottle
003110.jpg,dog
003116.jpg,bird
003122.jpg,bottle person
003124.jpg,motorbike person
003133.jpg,aeroplane
003134.jpg,person
003135.jpg,train
003138.jpg,person
003140.jpg,person
003145.jpg,person
003146.jpg,pottedplant
003147.jpg,dog person
003149.jpg,bottle
003150.jpg,sofa person
003155.jpg,bird
003157.jpg,tvmonitor
003159.jpg,bottle person
003161.jpg,sheep dog
003163.jpg,bus
003165.jpg,car
003169.jpg,cat
003175.jpg,bicycle person
003181.jpg,bottle person
003183.jpg,aeroplane
003184.jpg,cat
003185.jpg,bottle person
003188.jpg,bicycle person
003202.jpg,pottedplant chair
003204.jpg,tvmonitor
003205.jpg,chair person
003211.jpg,pottedplant
003214.jpg,car
003229.jpg,aeroplane
003231.jpg,car
003233.jpg,aeroplane
003236.jpg,sofa person
003240.jpg,bicycle car
003242.jpg,bird
003244.jpg,train
003247.jpg,person
003253.jpg,dog person
003254.jpg,bird
003259.jpg,bottle person
003260.jpg,tvmonitor person
003261.jpg,person car
003269.jpg,bottle
003270.jpg,bird person
003273.jpg,bird
003279.jpg,sofa
003280.jpg,person
003282.jpg,person
003284.jpg,pottedplant dog person
003290.jpg,horse person
003292.jpg,person
003303.jpg,horse person
003308.jpg,cat chair
003320.jpg,person
003330.jpg,bird
003331.jpg,car
003336.jpg,motorbike
003337.jpg,boat
003338.jpg,bird
003339.jpg,dog
003343.jpg,dog
003349.jpg,bird
003350.jpg,diningtable
003354.jpg,cow
003355.jpg,car person
003356.jpg,tvmonitor
003359.jpg,car
003363.jpg,car
003365.jpg,aeroplane
003367.jpg,pottedplant motorbike person
003369.jpg,aeroplane person
003373.jpg,dog person
003374.jpg,pottedplant tvmonitor dog
003379.jpg,car
003380.jpg,person
003382.jpg,sheep person
003392.jpg,cat
003395.jpg,bicycle person
003396.jpg,motorbike person
003401.jpg,chair tvmonitor
003406.jpg,car person
003408.jpg,sofa
003412.jpg,motorbike person
003413.jpg,boat
003416.jpg,bird person
003417.jpg,train person
003420.jpg,car
003421.jpg,chair
003424.jpg,horse person
003430.jpg,dog
003433.jpg,chair bicycle person
003436.jpg,pottedplant horse person
003439.jpg,cow
003441.jpg,bus
003450.jpg,pottedplant sofa person
003452.jpg,chair diningtable
003466.jpg,pottedplant person
003477.jpg,chair
003484.jpg,car person
003487.jpg,tvmonitor person
003489.jpg,dog
003491.jpg,dog
003493.jpg,aeroplane
003496.jpg,bottle person
003497.jpg,train
003499.jpg,train
003500.jpg,cat
003506.jpg,pottedplant
003508.jpg,dog
003509.jpg,pottedplant
003510.jpg,chair
003511.jpg,bicycle
003522.jpg,cat
003524.jpg,bird
003525.jpg,cat
003529.jpg,person
003539.jpg,motorbike person
003548.jpg,person
003549.jpg,bicycle
003550.jpg,person
003551.jpg,car
003555.jpg,pottedplant car
003564.jpg,train
003565.jpg,bird
003575.jpg,sofa person
003576.jpg,person bus motorbike
003577.jpg,diningtable bottle person
003585.jpg,motorbike person
003586.jpg,cat
003588.jpg,chair
003596.jpg,car
003599.jpg,bicycle
003603.jpg,diningtable person
003604.jpg,dog tvmonitor
003605.jpg,train
003608.jpg,car
003609.jpg,chair sofa
003614.jpg,bird
003621.jpg,bicycle bus person
003622.jpg,pottedplant
003625.jpg,horse person
003627.jpg,dog
003628.jpg,train person
003629.jpg,pottedplant
003634.jpg,car
003635.jpg,bus
003642.jpg,bus
003644.jpg,diningtable person
003645.jpg,horse person
003646.jpg,bird
003656.jpg,cat
003658.jpg,bicycle
003662.jpg,chair tvmonitor person
003663.jpg,person
003664.jpg,chair person
003671.jpg,dog
003678.jpg,tvmonitor bottle person
003679.jpg,bird
003681.jpg,sheep dog
003688.jpg,person
003694.jpg,pottedplant chair tvmonitor person
003695.jpg,train
003698.jpg,sheep
003699.jpg,pottedplant person
003700.jpg,person
003704.jpg,bird
003705.jpg,sheep
003713.jpg,car
003714.jpg,sheep
003732.jpg,horse person
003735.jpg,horse person
003740.jpg,person
003743.jpg,sofa
003748.jpg,bird
003749.jpg,person
003751.jpg,chair sofa tvmonitor person
003752.jpg,train
003758.jpg,pottedplant
003759.jpg,tvmonitor person
003763.jpg,cat
003767.jpg,chair
003773.jpg,aeroplane
003779.jpg,horse person
003781.jpg,person
003784.jpg,bicycle
003786.jpg,bus
003788.jpg,cat chair
003790.jpg,car
003792.jpg,dog
003797.jpg,boat person
003806.jpg,car
003807.jpg,cat
003811.jpg,boat person
003817.jpg,person
003818.jpg,train
003824.jpg,car motorbike person
003827.jpg,bicycle person
003828.jpg,bird
003830.jpg,train
003834.jpg,pottedplant
003835.jpg,bus car
003847.jpg,person
003849.jpg,motorbike person
003856.jpg,person
003859.jpg,diningtable bottle person
003860.jpg,boat person
003861.jpg,boat
003865.jpg,diningtable bottle person
003866.jpg,train
003874.jpg,sheep
003879.jpg,person
003887.jpg,cow
003889.jpg,chair horse person
003890.jpg,cat
003898.jpg,bird
003899.jpg,dog person
003907.jpg,chair sofa
003912.jpg,cat
003913.jpg,person
003921.jpg,dog
003932.jpg,pottedplant bottle person
003935.jpg,dog
003936.jpg,car
003939.jpg,horse person
003945.jpg,bicycle person
003949.jpg,bird
003953.jpg,person
003956.jpg,pottedplant
003961.jpg,person
003969.jpg,bird dog
003970.jpg,horse person
003971.jpg,car
003974.jpg,boat person
003983.jpg,tvmonitor
003987.jpg,car
003988.jpg,chair
003991.jpg,cat
003993.jpg,aeroplane
003997.jpg,car
003998.jpg,car
004005.jpg,train
004008.jpg,dog
004009.jpg,aeroplane
004012.jpg,chair person
004013.jpg,bird
004014.jpg,chair person
004016.jpg,cat
004017.jpg,pottedplant person
004019.jpg,person car
004023.jpg,cow
004028.jpg,pottedplant chair person
004033.jpg,motorbike person
004034.jpg,dog
004035.jpg,cat dog
004037.jpg,pottedplant
004046.jpg,bird
004052.jpg,aeroplane
004058.jpg,person
004067.jpg,motorbike
004091.jpg,car person
004092.jpg,person
004093.jpg,chair
004095.jpg,dog
004100.jpg,tvmonitor
004106.jpg,chair sofa tvmonitor
004111.jpg,chair person
004120.jpg,bus
004121.jpg,pottedplant person
004129.jpg,cat
004131.jpg,bird
004133.jpg,person
004136.jpg,bicycle car bus person
004137.jpg,dog person
004138.jpg,person
004140.jpg,bicycle bottle
004146.jpg,horse
004149.jpg,cat chair diningtable
004152.jpg,bottle
004158.jpg,bottle person
004163.jpg,tvmonitor
004164.jpg,chair sofa tvmonitor
004168.jpg,horse person
004169.jpg,person
004170.jpg,boat person
004171.jpg,bird
004189.jpg,dog
004190.jpg,tvmonitor
004196.jpg,aeroplane
004200.jpg,cow
004201.jpg,chair person
004209.jpg,dog person
004215.jpg,motorbike
004220.jpg,bird
004221.jpg,bird
004223.jpg,person
004224.jpg,aeroplane person
004228.jpg,car
004231.jpg,person car
004232.jpg,dog person
004237.jpg,tvmonitor person
004241.jpg,boat
004242.jpg,car
004244.jpg,person car
004247.jpg,bird
004253.jpg,chair diningtable
004255.jpg,motorbike
004256.jpg,train
004263.jpg,bird
004269.jpg,person
004270.jpg,chair person
004271.jpg,bird
004272.jpg,dog
004273.jpg,person
004280.jpg,bottle
004281.jpg,train
004283.jpg,motorbike
004287.jpg,cat person
004291.jpg,person
004292.jpg,pottedplant person
004296.jpg,diningtable bottle person
004300.jpg,motorbike
004303.jpg,bus car
004307.jpg,horse
004315.jpg,train
004318.jpg,dog
004322.jpg,bottle person
004325.jpg,boat
004327.jpg,dog person
004333.jpg,bottle
004338.jpg,motorbike
004339.jpg,horse person
004345.jpg,cat
004347.jpg,bird
004359.jpg,bicycle person
004360.jpg,person
004361.jpg,motorbike person
004365.jpg,car
004367.jpg,car
004370.jpg,bottle person
004371.jpg,boat
004372.jpg,horse person
004376.jpg,cat
004379.jpg,aeroplane
004386.jpg,train car
004387.jpg,bus person
004389.jpg,horse person
004391.jpg,aeroplane
004392.jpg,chair person
004404.jpg,cat person
004434.jpg,dog
004436.jpg,train
004439.jpg,car
004441.jpg,cow
004452.jpg,aeroplane
004470.jpg,aeroplane person
004471.jpg,person
004479.jpg,bottle person
004481.jpg,person car
004484.jpg,pottedplant chair diningtable
004496.jpg,person
004500.jpg,cow
004502.jpg,cat
004508.jpg,bottle person
004510.jpg,chair tvmonitor
004514.jpg,tvmonitor
004517.jpg,person
004519.jpg,car
004520.jpg,person
004524.jpg,bird
004526.jpg,car
004537.jpg,cow horse person
004540.jpg,sofa
004544.jpg,bus
004548.jpg,dog
004549.jpg,chair tvmonitor
004551.jpg,dog
004553.jpg,horse person
004562.jpg,person
004563.jpg,person car
004565.jpg,dog
004566.jpg,cat
004570.jpg,aeroplane
004571.jpg,cow person
004576.jpg,car
004579.jpg,train
004584.jpg,sofa
004587.jpg,dog
004591.jpg,train car
004595.jpg,dog person
004597.jpg,chair
004604.jpg,person motorbike car
004605.jpg,bicycle person
004607.jpg,chair sofa
004611.jpg,chair person
004612.jpg,bird
004622.jpg,bicycle person
004623.jpg,bird
004625.jpg,horse
004627.jpg,train
004628.jpg,cat
004631.jpg,pottedplant chair person
004634.jpg,horse
004636.jpg,bird
004643.jpg,aeroplane
004644.jpg,dog
004648.jpg,bus person
004651.jpg,boat
004656.jpg,horse person
004671.jpg,bottle
004675.jpg,train
004679.jpg,dog person
004683.jpg,cat
004685.jpg,person
004686.jpg,cow horse person
004687.jpg,car motorbike person
004691.jpg,train car
004693.jpg,train person
004694.jpg,motorbike person
004701.jpg,bottle
004702.jpg,bird
004705.jpg,bus car
004706.jpg,bicycle person
004710.jpg,bottle
004714.jpg,pottedplant chair
004715.jpg,person
004718.jpg,bottle person
004723.jpg,person
004735.jpg,chair
004737.jpg,dog
004742.jpg,pottedplant diningtable bottle person
004743.jpg,cat
004747.jpg,car
004748.jpg,aeroplane car
004753.jpg,bottle person
004754.jpg,tvmonitor
004760.jpg,dog person
004773.jpg,chair diningtable tvmonitor
004776.jpg,train
004779.jpg,person car
004782.jpg,bicycle person
004783.jpg,bird
004790.jpg,person
004792.jpg,cat
004793.jpg,car
004794.jpg,bird
004797.jpg,bicycle person
004799.jpg,bird
004801.jpg,person
004808.jpg,car
004815.jpg,horse person
004823.jpg,car
004828.jpg,car person
004830.jpg,car
004832.jpg,cat person
004836.jpg,motorbike
004837.jpg,chair sofa
004841.jpg,aeroplane
004842.jpg,sheep
004846.jpg,person
004848.jpg,bird
004849.jpg,train
004857.jpg,chair diningtable person
004869.jpg,bird
004873.jpg,car
004876.jpg,bird
004879.jpg,bicycle person
004882.jpg,motorbike person
004885.jpg,boat
004897.jpg,person
004898.jpg,pottedplant person
004902.jpg,horse person
004905.jpg,aeroplane
004907.jpg,cat
004910.jpg,bus
004911.jpg,train
004913.jpg,person
004929.jpg,dog
004946.jpg,car person
004951.jpg,train
004955.jpg,cat tvmonitor
004958.jpg,boat
004961.jpg,car
004962.jpg,car
004966.jpg,bird
004968.jpg,horse person
004972.jpg,bird
004973.jpg,car
004974.jpg,bird
004976.jpg,diningtable person
004984.jpg,chair
004987.jpg,person
004990.jpg,person
004991.jpg,pottedplant chair diningtable
004992.jpg,dog
004995.jpg,horse person
005001.jpg,sheep
005004.jpg,sofa
005006.jpg,bird
005007.jpg,tvmonitor
005016.jpg,aeroplane
005018.jpg,dog
005020.jpg,car
005023.jpg,bird
005024.jpg,person
005026.jpg,bus
005027.jpg,tvmonitor person
005029.jpg,bicycle person
005032.jpg,train
005033.jpg,bird
005045.jpg,person
005047.jpg,car
005052.jpg,bottle person
005057.jpg,bicycle person
005058.jpg,sheep
005061.jpg,person
005065.jpg,car
005068.jpg,bus
005071.jpg,car
005073.jpg,boat
005078.jpg,cat
005084.jpg,bird
005086.jpg,chair person
005090.jpg,bus person
005093.jpg,motorbike person
005094.jpg,train horse
005097.jpg,dog person
005101.jpg,cat chair
005107.jpg,bicycle person
005108.jpg,aeroplane boat
005114.jpg,cow horse person
005121.jpg,dog
005122.jpg,bicycle person
005124.jpg,cow person
005129.jpg,chair person
005130.jpg,bird
005134.jpg,person
005138.jpg,bird
005143.jpg,pottedplant
005153.jpg,chair tvmonitor
005156.jpg,car motorbike person
005168.jpg,train
005169.jpg,cat car
005171.jpg,boat
005173.jpg,motorbike person
005177.jpg,sofa
005181.jpg,boat
005183.jpg,cat pottedplant
005186.jpg,pottedplant chair
005189.jpg,person
005190.jpg,pottedplant person
005191.jpg,chair diningtable
005202.jpg,bird
005203.jpg,sofa dog
005208.jpg,person
005215.jpg,motorbike
005217.jpg,boat
005219.jpg,person
005223.jpg,sheep
005231.jpg,sofa dog person
005236.jpg,horse person
005244.jpg,train
005245.jpg,person
005246.jpg,bird
005257.jpg,boat person
005258.jpg,motorbike
005259.jpg,car
005260.jpg,motorbike person
005262.jpg,bus car
005269.jpg,train person
005273.jpg,bicycle person car
005283.jpg,person
005285.jpg,bird
005288.jpg,sheep
005290.jpg,aeroplane
005292.jpg,sofa
005297.jpg,person
005303.jpg,dog person
005304.jpg,bottle person
005307.jpg,cat person
005310.jpg,person
005311.jpg,person
005318.jpg,car
005327.jpg,sofa dog person
005336.jpg,sofa person
005337.jpg,boat
005338.jpg,bird
005344.jpg,bicycle person
005345.jpg,diningtable bottle
005351.jpg,horse person
005358.jpg,aeroplane
005360.jpg,train
005363.jpg,sheep
005368.jpg,bicycle person
005369.jpg,boat
005373.jpg,car
005374.jpg,bus person
005387.jpg,bus car
005388.jpg,bottle
005389.jpg,train
005391.jpg,aeroplane
005396.jpg,tvmonitor person
005404.jpg,cow
005405.jpg,person
005406.jpg,aeroplane
005408.jpg,dog
005410.jpg,bicycle person
005413.jpg,person
005414.jpg,motorbike person
005417.jpg,person
005420.jpg,boat
005424.jpg,bicycle person
005433.jpg,sofa dog
005440.jpg,train
005445.jpg,cat
005448.jpg,motorbike person
005450.jpg,person
005451.jpg,diningtable person
005453.jpg,dog horse
005455.jpg,cat
005457.jpg,car
005467.jpg,diningtable bottle person
005478.jpg,person
005483.jpg,car
005487.jpg,aeroplane person
005489.jpg,car
005496.jpg,boat person
005499.jpg,person car
005508.jpg,person
005509.jpg,aeroplane person
005511.jpg,horse person
005514.jpg,cow
005515.jpg,pottedplant
005519.jpg,cat
005524.jpg,dog
005526.jpg,tvmonitor person
005527.jpg,person
005536.jpg,person car
005541.jpg,bottle person
005542.jpg,person
005544.jpg,train
005547.jpg,cow person car
005563.jpg,tvmonitor bottle person
005566.jpg,car
005568.jpg,horse
005574.jpg,aeroplane person
005579.jpg,cat
005582.jpg,person
005585.jpg,car person
005591.jpg,chair diningtable
005592.jpg,car
005599.jpg,bicycle person
005600.jpg,aeroplane person
005601.jpg,dog
005603.jpg,bird
005605.jpg,pottedplant chair tvmonitor
005609.jpg,car
005611.jpg,horse person
005624.jpg,bird
005625.jpg,bird
005630.jpg,cat
005631.jpg,bus person
005636.jpg,horse person
005637.jpg,bird
005639.jpg,bicycle person
005644.jpg,person
005648.jpg,person
005654.jpg,train
005658.jpg,bus person
005668.jpg,dog
005669.jpg,person bus car
005680.jpg,train person
005686.jpg,chair diningtable
005695.jpg,person
005697.jpg,chair sofa
005699.jpg,boat
005700.jpg,horse person
005704.jpg,diningtable person
005705.jpg,boat
005710.jpg,chair diningtable
005713.jpg,boat
005715.jpg,cat
005718.jpg,chair
005728.jpg,cow horse person
005730.jpg,chair
005731.jpg,bus person
005735.jpg,train
005738.jpg,person car
005740.jpg,bird person
005742.jpg,boat
005752.jpg,dog
005756.jpg,car
005757.jpg,bicycle person
005764.jpg,person
005765.jpg,person
005769.jpg,cat
005780.jpg,person
005782.jpg,car
005783.jpg,motorbike
005784.jpg,chair person
005786.jpg,person
005789.jpg,dog
005796.jpg,tvmonitor person
005803.jpg,diningtable
005805.jpg,bird
005806.jpg,car
005813.jpg,pottedplant
005814.jpg,tvmonitor bottle person
005817.jpg,pottedplant
005821.jpg,pottedplant chair
005824.jpg,person
005826.jpg,person
005831.jpg,car
005836.jpg,person
005838.jpg,cat
005840.jpg,person
005843.jpg,cow
005850.jpg,cat
005851.jpg,train
005859.jpg,person
005860.jpg,boat
005861.jpg,car
005864.jpg,sofa
005867.jpg,chair tvmonitor
005873.jpg,dog person
005881.jpg,person
005884.jpg,motorbike person
005885.jpg,person
005888.jpg,dog
005889.jpg,person
005893.jpg,train
005895.jpg,aeroplane
005899.jpg,dog car
005901.jpg,cat
005903.jpg,train person
005905.jpg,person
005908.jpg,bottle person
005909.jpg,bird
005910.jpg,bird
005911.jpg,bus
005918.jpg,car
005920.jpg,chair diningtable
005923.jpg,bicycle chair person pottedplant sofa
005930.jpg,bicycle person
005938.jpg,person
005947.jpg,sheep
005948.jpg,dog horse person
005951.jpg,motorbike person
005960.jpg,cat
005961.jpg,bus person
005964.jpg,sheep
005971.jpg,person
005980.jpg,cat
005983.jpg,bird
005984.jpg,dog person
005990.jpg,motorbike person
005992.jpg,sofa dog person
006004.jpg,chair person
006009.jpg,car
006011.jpg,person car
006020.jpg,sofa
006023.jpg,train
006025.jpg,aeroplane
006030.jpg,chair diningtable
006033.jpg,person
006038.jpg,person motorbike car
006043.jpg,person car
006061.jpg,cat bottle
006065.jpg,dog
006066.jpg,chair tvmonitor
006067.jpg,aeroplane
006070.jpg,bird
006073.jpg,cow
006074.jpg,tvmonitor
006078.jpg,chair
006079.jpg,boat car
006088.jpg,chair sofa
006091.jpg,bird
006095.jpg,cow horse person
006096.jpg,bus
006100.jpg,pottedplant chair sofa dog
006103.jpg,person car
006104.jpg,sofa person
006105.jpg,cat
006123.jpg,boat
006128.jpg,car
006130.jpg,sofa person
006131.jpg,tvmonitor
006134.jpg,horse
006135.jpg,train
006140.jpg,diningtable person
006141.jpg,bottle
006156.jpg,person
006158.jpg,sofa tvmonitor person
006162.jpg,aeroplane
006166.jpg,train
006170.jpg,cow
006171.jpg,dog person
006172.jpg,person
006174.jpg,dog
006175.jpg,person
006176.jpg,person
006177.jpg,cow motorbike person
006179.jpg,tvmonitor person
006180.jpg,bottle person
006181.jpg,bird
006183.jpg,cat
006187.jpg,person
006189.jpg,dog bottle
006196.jpg,car
006208.jpg,aeroplane
006210.jpg,car
006221.jpg,person
006223.jpg,car
006224.jpg,car
006225.jpg,person car
006229.jpg,person
006230.jpg,dog
006236.jpg,motorbike person
006238.jpg,tvmonitor person
006243.jpg,motorbike person
006247.jpg,sheep
006250.jpg,car
006251.jpg,sheep
006261.jpg,car
006262.jpg,cat
006264.jpg,bird
006267.jpg,dog
006270.jpg,pottedplant chair
006272.jpg,motorbike person
006275.jpg,train
006279.jpg,aeroplane
006285.jpg,horse person
006289.jpg,chair person
006290.jpg,bus car
006291.jpg,cow
006299.jpg,pottedplant bottle
006304.jpg,boat
006305.jpg,cat
006320.jpg,person car
006329.jpg,car
006341.jpg,person
006344.jpg,train person
006349.jpg,aeroplane
006352.jpg,bus person
006353.jpg,cat
006362.jpg,car
006363.jpg,bottle
006366.jpg,dog
006367.jpg,bird
006369.jpg,person car
006371.jpg,bicycle
006374.jpg,aeroplane
006375.jpg,car
006381.jpg,chair diningtable bottle person
006382.jpg,horse
006395.jpg,chair tvmonitor person
006400.jpg,train
006411.jpg,tvmonitor
006417.jpg,car
006418.jpg,bicycle
006419.jpg,chair
006427.jpg,person
006429.jpg,horse
006433.jpg,aeroplane person
006434.jpg,dog
006436.jpg,boat
006438.jpg,car
006442.jpg,person
006447.jpg,pottedplant chair diningtable
006448.jpg,bottle
006455.jpg,horse person
006458.jpg,car
006459.jpg,car horse person
006462.jpg,cat
006466.jpg,train
006470.jpg,bird
006472.jpg,tvmonitor
006474.jpg,dog
006475.jpg,bird person
006476.jpg,motorbike person
006482.jpg,person
006483.jpg,bottle person
006486.jpg,bottle person
006495.jpg,cat
006499.jpg,train
006501.jpg,bus
006503.jpg,diningtable bottle person
006506.jpg,horse person
006515.jpg,bicycle
006523.jpg,aeroplane
006524.jpg,car
006536.jpg,person
006547.jpg,cat
006548.jpg,bird
006549.jpg,boat
006550.jpg,bicycle motorbike person
006551.jpg,bicycle person
006556.jpg,dog
006560.jpg,person
006564.jpg,aeroplane
006569.jpg,bus
006595.jpg,cat
006597.jpg,dog
006602.jpg,dog person
006605.jpg,pottedplant chair
006609.jpg,dog person
006610.jpg,bottle person
006612.jpg,cow person
006622.jpg,sofa tvmonitor
006626.jpg,bottle person
006627.jpg,pottedplant diningtable
006635.jpg,train
006636.jpg,aeroplane
006637.jpg,bicycle person
006638.jpg,sofa
006648.jpg,bottle person
006652.jpg,train
006654.jpg,car
006658.jpg,chair diningtable person
006660.jpg,boat car
006674.jpg,cat
006684.jpg,tvmonitor
006689.jpg,chair diningtable
006694.jpg,train
006695.jpg,person
006697.jpg,person
006698.jpg,person
006703.jpg,person
006704.jpg,tvmonitor
006706.jpg,bird car
006707.jpg,chair person
006708.jpg,cow
006714.jpg,person
006726.jpg,pottedplant
006727.jpg,sofa bottle person
006731.jpg,diningtable bottle person
006734.jpg,car
006735.jpg,dog
006736.jpg,car
006738.jpg,bicycle person
006740.jpg,cat
006748.jpg,car
006753.jpg,person
006755.jpg,pottedplant chair tvmonitor
006766.jpg,bus car
006773.jpg,aeroplane boat
006777.jpg,pottedplant person
006781.jpg,cat
006782.jpg,person
006784.jpg,person
006794.jpg,aeroplane
006805.jpg,dog
006806.jpg,pottedplant
006810.jpg,person
006822.jpg,motorbike
006824.jpg,person
006825.jpg,bird
006833.jpg,sheep person
006836.jpg,horse person
006839.jpg,motorbike
006840.jpg,person
006844.jpg,train
006845.jpg,chair
006847.jpg,horse person
006848.jpg,bird
006849.jpg,dog
006852.jpg,chair sofa
006858.jpg,car horse person
006864.jpg,person
006866.jpg,horse person
006868.jpg,person car
006869.jpg,cat
006874.jpg,boat motorbike person
006883.jpg,cat
006887.jpg,chair person
006893.jpg,car
006896.jpg,person
006899.jpg,sheep
006900.jpg,car
006909.jpg,aeroplane
006910.jpg,bird person
006911.jpg,horse person
006912.jpg,diningtable bottle
006914.jpg,bird
006916.jpg,dog
006917.jpg,bottle
006919.jpg,bottle person
006930.jpg,sofa
006931.jpg,car
006939.jpg,bottle person
006943.jpg,train person
006947.jpg,tvmonitor
006948.jpg,bottle person
006950.jpg,bicycle person
006958.jpg,person
006959.jpg,person
006968.jpg,sofa dog person
006971.jpg,cat
006976.jpg,cat chair
006983.jpg,boat person
007002.jpg,bus
007003.jpg,bus car
007006.jpg,chair diningtable
007007.jpg,person
007011.jpg,dog
007016.jpg,person
007018.jpg,horse
007023.jpg,chair tvmonitor person
007025.jpg,cat
007029.jpg,bicycle
007033.jpg,aeroplane
007036.jpg,person
007039.jpg,tvmonitor
007040.jpg,car person
007045.jpg,cow person
007050.jpg,cat
007062.jpg,bicycle
007064.jpg,chair sofa diningtable
007072.jpg,cow
007073.jpg,motorbike person
007075.jpg,cow
007078.jpg,pottedplant chair
007079.jpg,person
007080.jpg,person
007088.jpg,aeroplane
007089.jpg,dog
007090.jpg,car
007092.jpg,bird
007093.jpg,chair person
007095.jpg,bus
007105.jpg,sofa
007108.jpg,bicycle person
007113.jpg,tvmonitor
007121.jpg,bottle person
007125.jpg,boat
007128.jpg,person
007129.jpg,dog person
007130.jpg,pottedplant tvmonitor
007133.jpg,car
007138.jpg,horse person
007150.jpg,motorbike person
007152.jpg,aeroplane
007154.jpg,person
007159.jpg,person car
007163.jpg,person
007166.jpg,dog tvmonitor
007168.jpg,train
007177.jpg,diningtable bottle
007180.jpg,pottedplant
007182.jpg,person
007184.jpg,person
007185.jpg,horse
007193.jpg,sofa
007194.jpg,bird
007197.jpg,cat
007205.jpg,car
007213.jpg,chair person
007214.jpg,dog person
007219.jpg,chair tvmonitor
007222.jpg,train
007223.jpg,cat
007234.jpg,horse person
007241.jpg,bus
007243.jpg,horse person
007250.jpg,tvmonitor bottle
007256.jpg,bicycle person
007261.jpg,person car
007263.jpg,chair sofa tvmonitor
007271.jpg,motorbike bus person
007279.jpg,bus car
007285.jpg,car
007289.jpg,boat
007295.jpg,cat
007298.jpg,bus person
007305.jpg,car motorbike person
007308.jpg,horse person
007322.jpg,dog
007323.jpg,bottle
007325.jpg,horse person
007327.jpg,chair bicycle
007334.jpg,cat
007336.jpg,person
007351.jpg,bottle
007361.jpg,train
007365.jpg,boat
007369.jpg,chair person
007370.jpg,bottle
007373.jpg,diningtable
007375.jpg,aeroplane
007381.jpg,person
007385.jpg,sofa
007389.jpg,cow
007394.jpg,tvmonitor
007396.jpg,pottedplant
007398.jpg,bus person
007410.jpg,bottle person
007411.jpg,dog
007413.jpg,aeroplane person
007417.jpg,cat dog
007419.jpg,cat
007421.jpg,bird
007425.jpg,sofa
007431.jpg,bird
007437.jpg,bus
007446.jpg,bicycle car person
007454.jpg,cat
007458.jpg,chair diningtable tvmonitor
007466.jpg,chair bicycle motorbike person
007467.jpg,train
007468.jpg,car
007474.jpg,dog
007477.jpg,boat
007479.jpg,car
007481.jpg,bird
007483.jpg,person
007490.jpg,car
007491.jpg,sofa
007493.jpg,bottle person
007497.jpg,person car
007503.jpg,aeroplane
007513.jpg,train
007519.jpg,pottedplant
007521.jpg,boat
007524.jpg,cat
007526.jpg,horse person
007530.jpg,cat chair tvmonitor
007535.jpg,person
007536.jpg,sofa
007538.jpg,chair
007540.jpg,person
007544.jpg,chair diningtable tvmonitor
007558.jpg,chair person
007565.jpg,cat
007566.jpg,person car
007570.jpg,horse person
007572.jpg,diningtable bottle person
007575.jpg,bus
007578.jpg,dog person
007586.jpg,train
007590.jpg,person
007594.jpg,horse person
007600.jpg,pottedplant
007601.jpg,car
007606.jpg,person
007611.jpg,horse person
007619.jpg,chair person
007621.jpg,sheep
007629.jpg,person
007631.jpg,chair bottle person
007633.jpg,bus
007637.jpg,horse
007653.jpg,car
007654.jpg,aeroplane
007655.jpg,bicycle
007663.jpg,car
007667.jpg,car
007683.jpg,dog person
007685.jpg,boat
007692.jpg,dog
007696.jpg,train
007697.jpg,horse person
007699.jpg,person car
007704.jpg,pottedplant sofa
007713.jpg,bird
007718.jpg,boat person
007721.jpg,bird car
007729.jpg,tvmonitor
007731.jpg,car
007735.jpg,chair diningtable person
007736.jpg,bus car
007740.jpg,bottle
007748.jpg,horse person
007749.jpg,dog
007751.jpg,bottle person
007753.jpg,cat
007762.jpg,cat tvmonitor bottle
007767.jpg,train
007775.jpg,dog
007777.jpg,diningtable person
007781.jpg,pottedplant
007790.jpg,chair bottle car
007791.jpg,dog
007795.jpg,pottedplant chair person
007803.jpg,boat
007809.jpg,horse person
007810.jpg,person
007814.jpg,pottedplant person
007819.jpg,train car
007820.jpg,aeroplane
007821.jpg,person car
007831.jpg,bird
007836.jpg,bicycle person
007838.jpg,dog
007840.jpg,bird
007847.jpg,bird
007853.jpg,bird
007854.jpg,bicycle
007859.jpg,sheep
007863.jpg,cat
007864.jpg,aeroplane
007872.jpg,diningtable person
007876.jpg,bird
007877.jpg,person
007878.jpg,cat
007883.jpg,car
007884.jpg,bicycle person
007885.jpg,cat
007898.jpg,car
007900.jpg,dog
007901.jpg,person
007905.jpg,car
007908.jpg,bus
007910.jpg,person
007911.jpg,motorbike person
007914.jpg,bird
007915.jpg,tvmonitor person
007923.jpg,chair sofa
007925.jpg,pottedplant bicycle
007926.jpg,train
007932.jpg,person car
007939.jpg,cow
007940.jpg,person
007953.jpg,bicycle person
007959.jpg,chair sofa
007963.jpg,train car person
007964.jpg,car
007968.jpg,dog
007974.jpg,cat
007976.jpg,aeroplane
007980.jpg,boat
007991.jpg,bird
007996.jpg,sofa person
008001.jpg,car
008004.jpg,bus
008005.jpg,cow dog
008008.jpg,motorbike person
008012.jpg,pottedplant
008017.jpg,bird
008019.jpg,car horse person
008026.jpg,bus person
008037.jpg,car
008040.jpg,horse person
008042.jpg,sofa bottle person
008043.jpg,person
008044.jpg,bus car
008049.jpg,tvmonitor
008051.jpg,bird
008053.jpg,bird person
008062.jpg,bird
008063.jpg,chair
008064.jpg,pottedplant
008067.jpg,tvmonitor
008072.jpg,diningtable person
008075.jpg,dog
008076.jpg,chair diningtable tvmonitor
008079.jpg,dog car person
008082.jpg,pottedplant person
008083.jpg,sofa person
008084.jpg,bird
008093.jpg,car
008095.jpg,train
008096.jpg,bicycle person
008098.jpg,bus car
008106.jpg,pottedplant chair
008108.jpg,car motorbike person
008116.jpg,sheep
008117.jpg,bird
008121.jpg,tvmonitor
008127.jpg,pottedplant diningtable person
008130.jpg,person
008137.jpg,bottle
008139.jpg,bottle person
008142.jpg,horse person
008150.jpg,sheep
008163.jpg,boat person
008164.jpg,bottle person
008166.jpg,boat
008169.jpg,cat car
008174.jpg,car
008186.jpg,dog
008188.jpg,person car
008197.jpg,car
008199.jpg,pottedplant chair person
008202.jpg,cow
008203.jpg,sofa
008204.jpg,bottle person
008211.jpg,person
008213.jpg,chair bottle
008216.jpg,pottedplant chair diningtable person
008218.jpg,person
008223.jpg,sheep
008226.jpg,bird
008232.jpg,car person
008235.jpg,train
008248.jpg,horse person
008250.jpg,motorbike
008252.jpg,aeroplane
008253.jpg,bicycle person
008254.jpg,cat
008260.jpg,dog
008261.jpg,boat person
008262.jpg,bus
008263.jpg,train person
008269.jpg,cat
008272.jpg,dog person
008280.jpg,aeroplane
008282.jpg,sofa tvmonitor
008296.jpg,car
008301.jpg,person
008302.jpg,tvmonitor person
008310.jpg,aeroplane
008311.jpg,horse
008312.jpg,motorbike person
008313.jpg,bicycle person
008315.jpg,person motorbike bus car
008316.jpg,train
008317.jpg,bird
008322.jpg,dog
008332.jpg,dog person
008336.jpg,car
008338.jpg,bus
008341.jpg,chair sofa person
008342.jpg,sheep cow
008346.jpg,dog
008351.jpg,train
008360.jpg,bus car
008372.jpg,aeroplane
008374.jpg,tvmonitor person
008381.jpg,person
008384.jpg,bird
008385.jpg,chair diningtable person
008388.jpg,car
008391.jpg,person car
008397.jpg,person bus car
008398.jpg,person
008403.jpg,cat
008409.jpg,sofa
008422.jpg,tvmonitor
008425.jpg,dog
008426.jpg,bird
008427.jpg,horse
008437.jpg,horse person
008442.jpg,cat
008443.jpg,bird
008445.jpg,train
008449.jpg,boat person car
008452.jpg,sofa person
008453.jpg,cat chair person
008456.jpg,boat
008462.jpg,chair tvmonitor
008465.jpg,pottedplant
008466.jpg,car
008467.jpg,dog person
008468.jpg,chair sofa
008470.jpg,diningtable person
008475.jpg,cow person
008477.jpg,dog
008478.jpg,bicycle car
008482.jpg,person car
008483.jpg,car
008495.jpg,aeroplane
008506.jpg,train
008517.jpg,car
008523.jpg,aeroplane
008529.jpg,diningtable person
008530.jpg,dog
008533.jpg,cat
008536.jpg,pottedplant
008549.jpg,pottedplant car
008550.jpg,person car
008558.jpg,dog
008559.jpg,person
008568.jpg,boat
008581.jpg,car
008585.jpg,person
008587.jpg,pottedplant person
008588.jpg,bird
008595.jpg,motorbike
008596.jpg,horse person
008602.jpg,sofa person
008610.jpg,horse
008615.jpg,cow
008617.jpg,person
008618.jpg,sheep person
008628.jpg,chair person
008633.jpg,bicycle car
008645.jpg,boat
008655.jpg,chair diningtable dog pottedplant tvmonitor
008663.jpg,person car
008665.jpg,sofa car
008670.jpg,bird
008676.jpg,person motorbike car
008688.jpg,pottedplant
008690.jpg,person
008691.jpg,train
008699.jpg,horse person
008702.jpg,bicycle bus person
008706.jpg,cow car
008710.jpg,train
008720.jpg,cat
008723.jpg,aeroplane
008725.jpg,boat
008727.jpg,car
008731.jpg,horse person
008732.jpg,bird
008738.jpg,dog person
008741.jpg,bicycle
008744.jpg,horse person
008748.jpg,person
008750.jpg,car
008755.jpg,bird
008756.jpg,cat
008757.jpg,bicycle
008760.jpg,chair sofa
008764.jpg,bird
008768.jpg,car person
008770.jpg,aeroplane
008771.jpg,bus person
008776.jpg,bird
008783.jpg,chair diningtable
008784.jpg,car
008790.jpg,train
008794.jpg,car person
008806.jpg,pottedplant
008809.jpg,cat
008811.jpg,bicycle
008813.jpg,bird person
008814.jpg,chair diningtable
008815.jpg,cat
008819.jpg,dog
008838.jpg,bus
008840.jpg,dog
008841.jpg,dog bottle
008847.jpg,aeroplane
008856.jpg,cat
008862.jpg,horse person
008865.jpg,sofa person
008872.jpg,person
008878.jpg,train
008879.jpg,person
008883.jpg,bus
008885.jpg,cat
008886.jpg,horse person
008891.jpg,person car
008900.jpg,boat dog person
008905.jpg,aeroplane
008909.jpg,car
008920.jpg,sheep person
008923.jpg,car
008926.jpg,bird
008929.jpg,car
008930.jpg,cat
008932.jpg,diningtable person
008933.jpg,cat pottedplant
008936.jpg,chair
008939.jpg,car
008944.jpg,person
008948.jpg,chair tvmonitor
008958.jpg,car
008960.jpg,person
008961.jpg,chair person
008962.jpg,bottle
008966.jpg,bus
008967.jpg,bottle
008968.jpg,car
008969.jpg,car
008970.jpg,pottedplant tvmonitor
008971.jpg,aeroplane
008973.jpg,cow
008975.jpg,chair sofa person
008978.jpg,car
008979.jpg,motorbike person
008980.jpg,dog
008985.jpg,bird
008987.jpg,pottedplant sofa
008988.jpg,train
008989.jpg,bottle
008995.jpg,bicycle
008999.jpg,boat
009000.jpg,dog car person
009004.jpg,motorbike
009005.jpg,bicycle person
009016.jpg,bottle
009018.jpg,bird
009020.jpg,horse person
009027.jpg,bottle
009029.jpg,car
009032.jpg,pottedplant tvmonitor
009036.jpg,bicycle person
009042.jpg,dog
009045.jpg,car person
009049.jpg,motorbike person
009058.jpg,car
009059.jpg,bus
009063.jpg,aeroplane
009066.jpg,dog
009068.jpg,pottedplant chair person
009073.jpg,person bus car
009078.jpg,pottedplant person car
009080.jpg,bird
009086.jpg,train
009098.jpg,cat
009099.jpg,bird
009100.jpg,bottle
009106.jpg,car
009108.jpg,bottle
009114.jpg,horse person
009117.jpg,dog
009121.jpg,car
009123.jpg,pottedplant chair diningtable person
009136.jpg,person
009144.jpg,bird
009148.jpg,horse
009153.jpg,person
009160.jpg,motorbike person
009161.jpg,bus person
009166.jpg,bird
009173.jpg,tvmonitor
009175.jpg,cat pottedplant
009181.jpg,pottedplant
009184.jpg,person
009185.jpg,dog
009191.jpg,motorbike
009196.jpg,tvmonitor
009197.jpg,dog person
009200.jpg,chair tvmonitor
009205.jpg,car
009208.jpg,horse person
009209.jpg,motorbike person
009214.jpg,bicycle person car
009215.jpg,pottedplant
009218.jpg,train
009227.jpg,sheep dog
009230.jpg,motorbike person
009238.jpg,person
009242.jpg,sofa bottle person
009245.jpg,cow
009251.jpg,horse person
009252.jpg,pottedplant sofa
009255.jpg,horse
009259.jpg,motorbike person
009269.jpg,car
009270.jpg,bird
009271.jpg,sheep
009272.jpg,aeroplane
009283.jpg,person bus car
009285.jpg,cat
009287.jpg,motorbike person
009288.jpg,person
009289.jpg,train
009290.jpg,chair sofa bottle person
009295.jpg,bicycle tvmonitor person
009296.jpg,person
009299.jpg,diningtable bottle person
009306.jpg,cat person
009307.jpg,aeroplane
009308.jpg,cow
009316.jpg,person
009318.jpg,car horse person
009324.jpg,bird
009325.jpg,tvmonitor
009327.jpg,dog person
009333.jpg,tvmonitor dog
009336.jpg,person car
009339.jpg,chair bicycle
009342.jpg,cat pottedplant person
009343.jpg,chair person
009358.jpg,bus car
009359.jpg,chair sofa
009362.jpg,person
009365.jpg,aeroplane
009377.jpg,train person
009386.jpg,bus
009388.jpg,chair tvmonitor bottle
009389.jpg,train
009392.jpg,bus car
009393.jpg,bicycle motorbike person
009394.jpg,aeroplane person
009398.jpg,cat
009406.jpg,car
009407.jpg,horse person
009409.jpg,bus car
009410.jpg,person
009411.jpg,person car
009413.jpg,chair diningtable person
009417.jpg,sheep
009418.jpg,dog person
009419.jpg,pottedplant
009420.jpg,diningtable person
009421.jpg,sofa person
009422.jpg,bird
009424.jpg,person car
009429.jpg,cow
009432.jpg,aeroplane
009434.jpg,person car
009446.jpg,tvmonitor
009458.jpg,bottle
009460.jpg,person
009463.jpg,cow
009465.jpg,horse
009466.jpg,chair
009469.jpg,person car
009476.jpg,aeroplane
009488.jpg,bird
009490.jpg,person
009491.jpg,pottedplant sofa
009496.jpg,person
009497.jpg,bottle person
009499.jpg,person
009504.jpg,motorbike person
009508.jpg,train
009512.jpg,horse person
009515.jpg,car
009516.jpg,cat
009518.jpg,dog person
009520.jpg,chair person
009523.jpg,aeroplane
009524.jpg,person
009526.jpg,chair diningtable person
009528.jpg,cat
009537.jpg,train person
009541.jpg,chair person
009542.jpg,person
009545.jpg,cow
009549.jpg,cat
009551.jpg,person
009557.jpg,bicycle person
009562.jpg,dog
009566.jpg,bird
009573.jpg,motorbike person
009576.jpg,tvmonitor
009577.jpg,diningtable person
009579.jpg,person
009584.jpg,cat
009585.jpg,bottle person
009587.jpg,dog
009596.jpg,car motorbike person
009600.jpg,bicycle person
009605.jpg,dog
009609.jpg,bird
009613.jpg,chair person
009614.jpg,person car
009615.jpg,aeroplane
009618.jpg,bicycle person
009621.jpg,bird
009623.jpg,car
009629.jpg,aeroplane
009634.jpg,pottedplant
009637.jpg,train
009638.jpg,pottedplant chair diningtable person
009644.jpg,car
009650.jpg,cow
009654.jpg,person
009656.jpg,bicycle tvmonitor person
009659.jpg,chair person
009664.jpg,bottle
009666.jpg,bottle person
009668.jpg,dog person
009671.jpg,person car
009679.jpg,bottle
009684.jpg,person
009691.jpg,motorbike person
009693.jpg,person
009702.jpg,aeroplane
009703.jpg,bicycle person
009707.jpg,cat
009709.jpg,bottle
009713.jpg,chair dog person
009717.jpg,cow boat person
009718.jpg,train car
009721.jpg,chair person
009729.jpg,car
009733.jpg,car
009734.jpg,bus person
009735.jpg,chair
009749.jpg,bird
009755.jpg,sofa person
009756.jpg,motorbike person
009762.jpg,bus person
009763.jpg,cat dog
009774.jpg,car
009776.jpg,car motorbike person
009789.jpg,person
009790.jpg,train
009792.jpg,chair person
009797.jpg,dog
009800.jpg,bird person
009805.jpg,cat
009807.jpg,horse
009808.jpg,horse
009810.jpg,car
009813.jpg,person
009825.jpg,chair
009828.jpg,chair person
009830.jpg,car
009832.jpg,bus
009834.jpg,car
009839.jpg,car
009842.jpg,sheep
009845.jpg,person bus car
009848.jpg,bicycle car person
009851.jpg,horse person
009852.jpg,cat
009855.jpg,train
009859.jpg,person
009860.jpg,train
009867.jpg,tvmonitor
009868.jpg,person
009869.jpg,person
009872.jpg,chair
009874.jpg,horse person
009877.jpg,person
009878.jpg,pottedplant sofa bottle person
009879.jpg,person car
009882.jpg,tvmonitor person
009884.jpg,pottedplant
009887.jpg,pottedplant
009896.jpg,cat
009904.jpg,car
009911.jpg,aeroplane
009918.jpg,dog person
009920.jpg,car
009926.jpg,bicycle person
009938.jpg,motorbike car
009940.jpg,bird
009942.jpg,person
009944.jpg,motorbike person
009945.jpg,sheep
009949.jpg,chair sofa person
009959.jpg,car
009961.jpg,dog
